Case Number,Address,ZIP Code,Case Opened,Kiva PIN,Status of Case,Latitude,Longitude,Location
1226669,1104 Ewing Ave,64126,08/20/2019,5246,Pre-Bid Process Ongoing,39.098316,-94.503382,"1104 Ewing Ave
Kansas City, MO 64126
(39.098316, -94.503382)"
1180446,5412 E 17th St,64127,06/21/2017,9421,Pre-Bid Process Ongoing,39.090801,-94.518413,"5412 E 17th St
Kansas City, MO 64127
(39.090801, -94.518413)"
1057086,526 BENTON BLVD,64124,02/06/2012,41298,Repair Case w/Enforcement,39.106787,-94.545014,"526 BENTON BLVD
Kansas City, MO 64124
(39.106787, -94.545014)"
1239358,3810 E 68th St,64132,05/28/2020,2052,Ongoing Case,39.003083,-94.541961,"3810 E 68th St
Kansas City, MO 64132
(39.003083, -94.541961)"
1184574,2304 Kensington Ave,64127,08/22/2017,19318,Repair Case w/Enforcement,39.083427,-94.531961,"2304 Kensington Ave
Kansas City, MO 64127
(39.083427, -94.531961)"
1213181,518 Kensington,64124,02/01/2019,44339,Rehab By Owner In Progress,39.106673,-94.531011,"518 Kensington
Kansas City, MO 64124
(39.106673, -94.531011)"
1175712,5009 Bellefontaine Ave,64130,04/17/2017,35371,In Bid Process,39.034996,-94.548543,"5009 Bellefontaine Ave
Kansas City, MO 64130
(39.034996, -94.548543)"
1237706,2847 Van Brunt Blvd,64128,04/13/2020,21648,Ongoing Case,39.072911,-94.520107,"2847 Van Brunt Blvd
Kansas City, MO 64128
(39.072911, -94.520107)"
1221848,805 N Montgall Ave,64120,06/19/2019,38822,On Hold,39.122677,-94.548779,"805 N Montgall Ave
Kansas City, MO 64120
(39.122677, -94.548779)"
1233125,3524 Garner Ave,64124,12/23/2019,42000,Notice to Proceed Issued (Demolition),39.108884,-94.539109,"3524 Garner Ave
Kansas City, MO 64124
(39.108884, -94.539109)"
1193913,3304 E 60th St,64130,03/12/2018,895,Rehab By Owner In Progress,39.017601,-94.547447,"3304 E 60th St
Kansas City, MO 64130
(39.017601, -94.547447)"
1233107,1210 Hardesty Ave,64127,12/20/2019,9137,Pre-Bid Process Ongoing,39.097258,-94.519492,"1210 Hardesty Ave
Kansas City, MO 64127
(39.097258, -94.519492)"
1227371,1816 Vine St,64108,08/28/2019,245571,On Hold,39.090552,-94.563543,"1816 Vine St
Kansas City, MO 64108
(39.090552, -94.563543)"
1202110,3816-18 Fuller,64129,07/02/2018,32619,Notice to Proceed Issued (Demolition),39.055134,-94.508973,"3816 18
Fuller Kansas City, MO 64129
(39.055134, -94.508973)"
1241584,5823 Prospect Ave,64130,06/26/2020,36652,Ongoing Case,39.020106,-94.555247,"5823 Prospect Ave
Kansas City, MO 64130
(39.020106, -94.555247)"
1184433,3626 Michigan Ave,64109,08/21/2017,133961,Rehab By Owner In Progress,39.060088,-94.561782,"3626 Michigan Ave
Kansas City, MO 64109
(39.060088, -94.561782)"
1246872,1812 Bristol Ave,64126,10/05/2020,20844,Ongoing Case,39.087438,-94.500515,"1812 Bristol Ave
Kansas City, MO 64126
(39.087438, -94.500515)"
1185746,628 Ewing Ave,64125,09/11/2017,5058,Notice to Proceed Issued (Demolition),39.103627,-94.503154,"628 Ewing Ave
Kansas City, MO 64125
(39.103627, -94.503154)"
1235158,814 Park Ave,64124,02/14/2020,11718,Pre-Bid Process Ongoing,39.103195,-94.554987,"814 Park Ave
Kansas City, MO 64124
(39.103195, -94.554987)"
1231597,3804 Bales Ave,64128,11/12/2019,28015,Notice to Proceed Issued (Demolition),39.056594,-94.543471,"3804 Bales Ave
Kansas City, MO 64128
(39.056594, -94.543471)"
1177890,1505 Westport Rd,64111,05/16/2017,141082,Repair Case w/Enforcement,39.049857,-94.603976,"1505 Westport Rd
Kansas City, MO 64111
(39.049857, -94.603976)"
1238443,2838 Bales Ave,64128,05/07/2020,23843,Ongoing Case,39.073517,-94.542628,"2838 Bales Ave
Kansas City, MO 64128
(39.073517, -94.542628)"
1211023,5214 E 28th St,64128,12/04/2018,21818,Ongoing Case,39.074518,-94.522292,"5214 E 28th St
Kansas City, MO 64128
(39.074518, -94.522292)"
1095676,2026 INDIANA AVE,64127,07/05/2013,15812,Notice to Proceed Issued (Demolition),39.086804,-94.54312,"2026 INDIANA AVE
Kansas City, MO 64127
(39.086804, -94.54312)"
1063534,1826 Forest Ave,64108,06/05/2012,13345,On Hold,39.090626,-94.569386,"1826 Forest Ave
Kansas City, MO 64108
(39.090626, -94.569386)"
1170880,5916 E 103rd St,64134,12/27/2016,58737,Rehab By Owner In Progress,38.938594,-94.519817,"5916 E 103rd St
Kansas City, MO 64134
(38.938594, -94.519817)"
1210338,500 E 18th St,64108,10/08/2018,124623,Rehab By Owner In Progress,39.091768,-94.577455,"500 E 18th St
Kansas City, MO 64108
(39.091768, -94.577455)"
1199411,2626 E 28th St,64128,05/29/2018,24533,On Hold,39.0752,-94.551207,"2626 E 28th St
Kansas City, MO 64128
(39.0752, -94.551207)"
1216584,1408 Hardesty Ave,64127,04/12/2019,9153,Notice to Proceed Issued (Demolition),39.095464,-94.519586,"1408 Hardesty Ave
Kansas City, MO 64127
(39.095464, -94.519586)"
1237365,11305 Norby Rd,64137,04/02/2020,61464,Rehab By Owner In Progress,38.91955,-94.535402,"11305 Norby Rd
Kansas City, MO 64137
(38.91955, -94.535402)"
1212832,5404 Blue Parkway,64130,01/25/2019,33603,On Hold,39.034902,-94.521121,"5404 Blue Parkway
Kansas City, MO 64130
(39.034902, -94.521121)"
1222915,6107 E 8th St,64125,07/03/2019,5546,Notice to Proceed Issued (Demolition),39.102195,-94.509924,"6107 E 8th St
Kansas City, MO 64125
(39.102195, -94.509924)"
1228972,3802 Indiana Ave,64128,09/20/2019,29326,Notice to Proceed Issued (Demolition),39.056736,-94.544579,"3802 Indiana Ave
Kansas City, MO 64128
(39.056736, -94.544579)"
1237621,4123 E 27th St,64128,04/09/2020,23641,Repair Case w/Enforcement,39.076256,-94.534387,"4123 E 27th St
Kansas City, MO 64128
(39.076256, -94.534387)"
1245837,3838 E 56th St,64130,09/08/2020,36865,Ongoing Case,39.024436,-94.539554,"3838 E 56th St
Kansas City, MO 64130
(39.024436, -94.539554)"
1170239,4116 E 59th St,64130,12/05/2016,37350,Ongoing Case,39.018887,-94.537508,"4116 E 59th St
Kansas City, MO 64130
(39.018887, -94.537508)"
1235205,3005 E 27th St,64128,02/18/2020,24323,Pre-Bid Process Ongoing,39.076615,-94.54757,"3005 E 27th St
Kansas City, MO 64128
(39.076615, -94.54757)"
1181079,2616 Spruce Ave,64127,06/30/2017,19698,Ongoing Case,39.07759,-94.533286,"2616 Spruce Ave
Kansas City, MO 64127
(39.07759, -94.533286)"
1171639,5028 Glenside Dr,64129,01/17/2017,54164,Notice to Proceed Issued (Asbestos Removal),39.034565,-94.511021,"5028 Glenside Dr
Kansas City, MO 64129
(39.034565, -94.511021)"
1207565,5220 NE Barnes Ave,64119,09/19/2018,81355,Pre-Bid Process Ongoing,39.184757,-94.518463,"5220 NE Barnes Ave
Kansas City, MO 64119
(39.184757, -94.518463)"
1047680,3310 E 59TH ST,64130,03/01/2010,36797,Ongoing Case,39.019253,-94.54691,"3310 E 59TH ST
Kansas City, MO 64130
(39.019253, -94.54691)"
1166885,2910 E 29th St,64128,09/23/2016,24727,On Hold,39.072895,-94.548327,"2910 E 29th St
Kansas City, MO 64128
(39.072895, -94.548327)"
1232165,3116 Chestnut Ave,64128,11/26/2019,25292,Rehab By Owner In Progress,39.068996,-94.550917,"3116 Chestnut Ave
Kansas City, MO 64128
(39.068996, -94.550917)"
1236780,6026 E 17th St,64126,03/16/2020,6616,Notice to Proceed Issued (Asbestos Removal),39.090526,-94.51137,"6026 E 17th St
Kansas City, MO 64126
(39.090526, -94.51137)"
1233337,5020 Bellefontaine Ave,64130,12/30/2019,35380,Rehab By Owner In Progress,39.034581,-94.549233,"5020 Bellefontaine Ave
Kansas City, MO 64130
(39.034581, -94.549233)"
1148021,5125 N Brighton Pl,64119,10/26/2015,81379,Pre-Bid Process Ongoing,39.186231,-94.51915,"5125 N Brighton Pl
Kansas City, MO 64119
(39.186231, -94.51915)"
1213123,5832 Harrison St. (garage only),64110,01/31/2019,145124,Notice to Proceed Issued (Asbestos Removal),39.020626,-94.57567,"5832 Harrison St
garage only) Kansas City, MO 64110
(39.020626, -94.57567)"
1238341,2748 Raytown Rd,64128,05/04/2020,22154,Ongoing Case,39.074566,-94.526536,"2748 Raytown Rd
Kansas City, MO 64128
(39.074566, -94.526536)"
1230859,3111 Elmwood Ave,64128,10/28/2019,22899,Pre-Bid Process Ongoing,39.068433,-94.529578,"3111 Elmwood Ave
Kansas City, MO 64128
(39.068433, -94.529578)"
1232669,2246 Brighton Ave,64127,12/09/2019,18740,Pre-Bid Process Ongoing,39.083583,-94.524831,"2246 Brighton Ave
Kansas City, MO 64127
(39.083583, -94.524831)"
1234138,719-21 Prospect Ave,64124,01/21/2020,10616,Rehab By Owner In Progress,39.103763,-94.550898,"719 21 Prospect Ave
Kansas City, MO 64124
(39.103763, -94.550898)"
1237070,7604 Sycamore Ave,64138,05/26/2020,53562,Notice to Proceed Issued (Asbestos Removal),38.986189,-94.495942,"7604 Sycamore Ave
Kansas City, MO 64138
(38.986189, -94.495942)"
1235207,4241 Brooklyn Ave,64130,02/18/2020,136939,Pre-Bid Process Ongoing,39.048747,-94.558253,"4241 Brooklyn Ave
Kansas City, MO 64130
(39.048747, -94.558253)"
1046087,2929 Park Ave,64109,07/21/2014,27028,Ongoing Case,39.072566,-94.555859,"2929 Park Ave
Kansas City, MO 64109
(39.072566, -94.555859)"
1228886,7313 E 108th Ter,64134,09/19/2019,71846,Pre-Bid Process Ongoing,38.928909,-94.503668,"7313 E 108th Ter
Kansas City, MO 64134
(38.928909, -94.503668)"
1085655,5137 WALROND AVE,64130,03/19/2013,35986,Repair Case w/Enforcement,39.032143,-94.547553,"5137 WALROND AVE
Kansas City, MO 64130
(39.032143, -94.547553)"
1242071,8901 Woodland Ave,64131,07/07/2020,150863,Ongoing Case,38.965613,-94.56729,"8901 Woodland Ave
Kansas City, MO 64131
(38.965613, -94.56729)"
1239489,700 E Gregory Blvd,64131,06/01/2020,111483,Ongoing Case,38.99938,-94.579676,"700 E Gregory Blvd
Kansas City, MO 64131
(38.99938, -94.579676)"
1069531,2714 Askew Ave,64128,07/24/2012,23750,Notice to Proceed Issued (Demolition),39.076121,-94.541355,"2714 Askew Ave
Kansas City, MO 64128
(39.076121, -94.541355)"
1220092,3125 Bellaire Ave,64129,05/29/2019,21404,Pre-Bid Process Ongoing,39.06772,-94.514538,"3125 Bellaire Ave
Kansas City, MO 64129
(39.06772, -94.514538)"
1245190,9307 Farley Ave,64138,08/26/2020,68167,Ongoing Case,38.953941,-94.483752,"9307 Farley Ave
Kansas City, MO 64138
(38.953941, -94.483752)"
1238268,1316 Spruce Ave,64127,04/30/2020,8468,Ongoing Case,39.096416,-94.53223,"1316 Spruce Ave
Kansas City, MO 64127
(39.096416, -94.53223)"
1195324,3330 Stadium Dr,64128,04/05/2018,23449,Notice to Proceed Issued (Asbestos Removal),39.063939,-94.517372,"3330 Stadium Dr
Kansas City, MO 64128
(39.063939, -94.517372)"
1242403,4005 Vineyard Rd,64130,07/10/2020,32102,Notice to Proceed Issued (Demolition),39.0526,-94.525054,"4005 Vineyard Rd
Kansas City, MO 64130
(39.0526, -94.525054)"
1227369,1511 E 18th St,64108,08/28/2019,13242,On Hold,39.090951,-94.563868,"1511 E 18th St
Kansas City, MO 64108
(39.090951, -94.563868)"
1232656,438 Spruce Ave,64124,12/09/2019,44448,Rehab By Owner In Progress,39.107647,-94.532111,"438 Spruce Ave
Kansas City, MO 64124
(39.107647, -94.532111)"
1236070,4425 Kensington Ave,64130,03/03/2020,32950,Pre-Bid Process Ongoing,39.044735,-94.533032,"4425 Kensington Ave
Kansas City, MO 64130
(39.044735, -94.533032)"
1231370,3236 West Coleman Rd,64111,11/05/2019,129384,Rehab By Owner In Progress,39.0682,-94.59913,"3236 West Coleman Rd
Kansas City, MO 64111
(39.0682, -94.59913)"
1236343,7145 Forest Ave,64131,03/06/2020,114597,Pre-Bid Process Ongoing,38.997112,-94.573912,"7145 Forest Ave
Kansas City, MO 64131
(38.997112, -94.573912)"
1191727,1809 Manchester Ave,64126,01/22/2018,46531,Repair Case w/Enforcement,39.087733,-94.49135,"1809 Manchester Ave
Kansas City, MO 64126
(39.087733, -94.49135)"
1246881,3021 Quincy Ave,64128,10/05/2020,21907,Ongoing Case,39.069902,-94.523787,"3021 Quincy Ave
Kansas City, MO 64128
(39.069902, -94.523787)"
1212196,1112 Bennington Ave,64126,01/04/2019,5927,Repair Case w/Enforcement,39.097783,-94.505713,"1112 Bennington Ave
Kansas City, MO 64126
(39.097783, -94.505713)"
1243530,4909 E 39th St,64130,07/29/2020,31376,Ongoing Case,39.055054,-94.526505,"4909 E 39th St
Kansas City, MO 64130
(39.055054, -94.526505)"
1212686,3918 Wabash Ave,64130,01/22/2019,136321,Notice to Proceed Issued (Demolition),39.054775,-94.555077,"3918 Wabash Ave
Kansas City, MO 64130
(39.054775, -94.555077)"
1213892,6815 Cleveland Ave,64132,02/25/2019,2096,Notice to Proceed Issued (Asbestos Removal),39.002336,-94.542336,"6815 Cleveland Ave
Kansas City, MO 64132
(39.002336, -94.542336)"
1172129,2401 E 70TH ST,64132,01/24/2017,114291,Pre-Bid Process Ongoing,38.999688,-94.558952,"2401 E 70TH ST
Kansas City, MO 64132
(38.999688, -94.558952)"
1233019,8516 Woodland Ave,64131,12/17/2019,150662,Rehab By Owner In Progress,38.971836,-94.567776,"8516 Woodland Ave
Kansas City, MO 64131
(38.971836, -94.567776)"
1229860,7106 Prospect Ave,64132,10/04/2019,115066,Pre-Bid Process Ongoing,38.99756,-94.557532,"7106 Prospect Ave
Kansas City, MO 64132
(38.99756, -94.557532)"
1131462,3640 Elmwood Ave,64128,07/16/2013,31091,Repair Case w/Enforcement,39.058476,-94.530695,"3640 Elmwood Ave
Kansas City, MO 64128
(39.058476, -94.530695)"
1227991,3104 Booth Ave,64129,09/09/2019,47806,Rehab By Owner In Progress,39.066948,-94.484336,"3104 Booth Ave
Kansas City, MO 64129
(39.066948, -94.484336)"
1223656,5415 E 27th Ter,64128,07/15/2019,21504,Notice to Proceed Issued (Demolition),39.075108,-94.519657,"5415 E 27th Ter
Kansas City, MO 64128
(39.075108, -94.519657)"
1188576,5630 E 29th Ter,64128,10/30/2017,21972,Repair Case w/Enforcement,39.071797,-94.516475,"5630 E 29th Ter
Kansas City, MO 64128
(39.071797, -94.516475)"
1227064,4007 South Benton Ave,64130,08/23/2019,29730,Pre-Bid Process Ongoing,39.053091,-94.5499,"4007 South Benton Ave
Kansas City, MO 64130
(39.053091, -94.5499)"
1241022,5631 E US 40 Hwy,64128,06/17/2020,23273,Pre-Bid Process Ongoing,39.067627,-94.516975,"5631 E US 40 Hwy
Kansas City, MO 64128
(39.067627, -94.516975)"
1224021,419 Hardesty Ave,64123,07/18/2019,45416,Notice to Proceed Issued (Demolition),39.108113,-94.518618,"419 Hardesty Ave
Kansas City, MO 64123
(39.108113, -94.518618)"
1214516,416 Drury Ave,64123,03/11/2019,45435,Notice to Proceed Issued (Demolition),39.108206,-94.5181,"416 Drury Ave
Kansas City, MO 64123
(39.108206, -94.5181)"
1234270,6500 Noland Rd,64133,01/27/2020,64339,Pre-Bid Process Ongoing,39.002598,-94.418154,"6500 Noland Rd
Kansas City, MO 64133
(39.002598, -94.418154)"
1194715,4305 Independence Ave,64124,03/26/2018,8100,Rehab By Owner In Progress,39.105353,-94.531194,"4305 Independence Ave
Kansas City, MO 64124
(39.105353, -94.531194)"
1174153,8419 Wabash Ave,64132,03/14/2017,121892,Ongoing Case,38.97342,-94.558972,"8419 Wabash Ave
Kansas City, MO 64132
(38.97342, -94.558972)"
1243324,2840 Cleveland Ave,64128,07/24/2020,23705,Demolition By Owner In Progress,39.073362,-94.539226,"2840 Cleveland Ave
Kansas City, MO 64128
(39.073362, -94.539226)"
1214664,3512 Mersington Ave,64128,03/13/2019,27571,Pre-Bid Process Ongoing,39.061613,-94.538602,"3512 Mersington Ave
Kansas City, MO 64128
(39.061613, -94.538602)"
1232933,6601 E 66th St,64133,12/13/2019,54820,Rehab By Owner In Progress,39.00477,-94.509749,"6601 E 66th St
Kansas City, MO 64133
(39.00477, -94.509749)"
1165545,2000 Vine St,64108,09/07/2016,13536,Rehab By Owner In Progress,39.087846,-94.564043,"2000 Vine St
Kansas City, MO 64108
(39.087846, -94.564043)"
1169517,1414 E 30th St,64109,11/09/2016,27452,On Hold,39.072335,-94.565776,"1414 E 30th St
Kansas City, MO 64109
(39.072335, -94.565776)"
1246620,4024 Bellefontaine Ave,64130,09/29/2020,29522,Ongoing Case,39.052558,-94.548351,"4024 Bellefontaine Ave
Kansas City, MO 64130
(39.052558, -94.548351)"
1210336,2860 Raytown Rd,64128,03/21/2018,21868,Demolition By Owner In Progress,39.072732,-94.523599,"2860 Raytown Rd
Kansas City, MO 64128
(39.072732, -94.523599)"
1236017,6020 E 16th St,64126,03/02/2020,6586,Pre-Bid Process Ongoing,39.092329,-94.511507,"6020 E 16th St
Kansas City, MO 64126
(39.092329, -94.511507)"
1238919,11105 Blue Ridge Blvd,64134,05/18/2020,60387,Ongoing Case,38.921862,-94.509101,"11105 Blue Ridge Blvd
Kansas City, MO 64134
(38.921862, -94.509101)"
1169521,1640 White Ave,64126,11/09/2016,6539,Notice to Proceed Issued (Demolition),39.090636,-94.512898,"1640 White Ave
Kansas City, MO 64126
(39.090636, -94.512898)"
1187110,1701 Elmwood Ave,64127,09/28/2017,18275,On Hold,39.09063,-94.528724,"1701 Elmwood Ave
Kansas City, MO 64127
(39.09063, -94.528724)"
1193917,4209 E Linwood Blvd,64128,03/12/2018,22981,On Hold,39.067183,-94.534218,"4209 E Linwood Blvd
Kansas City, MO 64128
(39.067183, -94.534218)"
1235210,3721 Main St,64111,02/18/2020,132434,Repair Case w/Enforcement,39.059392,-94.58556,"3721 Main St
Kansas City, MO 64111
(39.059392, -94.58556)"
1214509,24 E Linwood Blvd,64111,03/11/2019,127626,Rehab By Owner In Progress,39.068665,-94.584152,"24 E Linwood Blvd
Kansas City, MO 64111
(39.068665, -94.584152)"
1225297,2545 Hardesty Ave,64127,06/29/2018,20744,Ongoing Case,39.078132,-94.519824,"2545 Hardesty Ave
Kansas City, MO 64127
(39.078132, -94.519824)"
1219455,2301 Poplar Ave,64127,05/20/2019,18998,Ongoing Case,39.083325,-94.525352,"2301 Poplar Ave
Kansas City, MO 64127
(39.083325, -94.525352)"
1237590,5405 N Denver Ave,64119,04/08/2020,80514,Pre-Bid Process Ongoing,39.191951,-94.518487,"5405 N Denver Ave
Kansas City, MO 64119
(39.191951, -94.518487)"
1234650,3508 Pennsylvania Ave,64111,02/04/2020,129607,Rehab By Owner In Progress,39.064315,-94.593007,"3508 Pennsylvania Ave
Kansas City, MO 64111
(39.064315, -94.593007)"
1138453,3727 NE 35th St,64117,06/22/2015,78575,Notice to Proceed Issued (Demolition),39.157813,-94.536097,"3727 NE 35th St
Kansas City, MO 64117
(39.157813, -94.536097)"
1234268,2829 Wabash Ave,64128,01/27/2020,26535,Pre-Bid Process Ongoing,39.074356,-94.553464,"2829 Wabash Ave
Kansas City, MO 64128
(39.074356, -94.553464)"
1057714,410 N OLIVE ST,64120,02/10/2010,39519,On Hold,39.117539,-94.553899,"410 N OLIVE ST
Kansas City, MO 64120
(39.117539, -94.553899)"
1170689,1849 E 68th Ter,64132,12/19/2016,113947,Ongoing Case,39.002626,-94.563831,"1849 E 68th Ter
Kansas City, MO 64132
(39.002626, -94.563831)"
1221833,5204 E 24th St,64127,06/19/2019,20346,Notice to Proceed Issued (Demolition),39.08186,-94.522005,"5204 E 24th St
Kansas City, MO 64127
(39.08186, -94.522005)"
1223293,3337 Bales Ave,64128,07/11/2019,26121,Notice to Proceed Issued (Demolition),39.064578,-94.542477,"3337 Bales Ave
Kansas City, MO 64128
(39.064578, -94.542477)"
1233012,645 Brighton Ave,64124,12/17/2019,7582,Notice to Proceed Issued (Demolition),39.103716,-94.523207,"645 Brighton Ave
Kansas City, MO 64124
(39.103716, -94.523207)"
1231307,4101 E 26th St,64127,11/04/2019,17567,On Hold,39.078134,-94.535019,"4101 E 26th St
Kansas City, MO 64127
(39.078134, -94.535019)"
1182587,4329 Garfield Ave,64130,07/24/2017,137240,Rehab By Owner In Progress,39.047197,-94.559517,"4329 Garfield Ave
Kansas City, MO 64130
(39.047197, -94.559517)"
1243528,2617 E 28th St,64128,07/29/2020,24543,Ongoing Case,39.074578,-94.551697,"2617 E 28th St
Kansas City, MO 64128
(39.074578, -94.551697)"
1245639,427 N Bellaire Ave,64123,09/03/2020,45566,Ongoing Case,39.116889,-94.512287,"427 N Bellaire Ave
Kansas City, MO 64123
(39.116889, -94.512287)"
1236571,2615 Indiana Ave,64127,03/11/2020,17502,Ongoing Case,39.077996,-94.5429,"2615 Indiana Ave
Kansas City, MO 64127
(39.077996, -94.5429)"
1233009,4432 Cloon Ave,64127,12/17/2019,8353,Rehab By Owner In Progress,39.100243,-94.528799,"4432 Cloon Ave
Kansas City, MO 64127
(39.100243, -94.528799)"
1237366,3224 E 7th St,64124,04/02/2020,10402,Rehab By Owner In Progress,39.10448,-94.542902,"3224 E 7th St
Kansas City, MO 64124
(39.10448, -94.542902)"
1237803,3841 Agnes Ave,64128,04/16/2020,29232,Ongoing Case,39.055449,-94.548643,"3841 Agnes Ave
Kansas City, MO 64128
(39.055449, -94.548643)"
1243177,3920 Brooklyn Ave,64130,07/22/2020,136631,Ongoing Case,39.05482,-94.558607,"3920 Brooklyn Ave
Kansas City, MO 64130
(39.05482, -94.558607)"
1238022,2035 Lister Ave,64127,04/23/2020,18875,Ongoing Case,39.08575,-94.527207,"2035 Lister Ave
Kansas City, MO 64127
(39.08575, -94.527207)"
1226648,3719 Chestnut Ave,64128,08/19/2019,28934,Demolition By Owner In Progress,39.058185,-94.550783,"3719 Chestnut Ave
Kansas City, MO 64128
(39.058185, -94.550783)"
1236426,3225 Smart Ave,64124,03/09/2020,41244,Ongoing Case,39.109412,-94.543242,"3225 Smart Ave
Kansas City, MO 64124
(39.109412, -94.543242)"
1230237,5216 E 28th Ter,64128,10/14/2019,21803,On Hold,39.073563,-94.521913,"5216 E 28th Ter
Kansas City, MO 64128
(39.073563, -94.521913)"
1229163,7306 E 109th Ter,64134,09/24/2019,59526,Pre-Bid Process Ongoing,38.925031,-94.504805,"7306 E 109th Ter
Kansas City, MO 64134
(38.925031, -94.504805)"
1239274,3335 Bales Ave,64128,05/27/2020,26122,Ongoing Case,39.064666,-94.542473,"3335 Bales Ave
Kansas City, MO 64128
(39.064666, -94.542473)"
1237606,8046 Euclid Ave,64132,04/09/2020,117411,Ongoing Case,38.980039,-94.56506,"8046 Euclid Ave
Kansas City, MO 64132
(38.980039, -94.56506)"
1246871,4237 Euclid Ave,64130,10/05/2020,136729,Ongoing Case,39.048906,-94.560581,"4237 Euclid Ave
Kansas City, MO 64130
(39.048906, -94.560581)"
1246218,4411 Olive St,64130,09/17/2020,137156,Ongoing Case,39.046032,-94.556062,"4411 Olive St
Kansas City, MO 64130
(39.046032, -94.556062)"
1233944,3217 E 7th St,64124,01/15/2020,10407,Rehab By Owner In Progress,39.103954,-94.543345,"3217 E 7th St
Kansas City, MO 64124
(39.103954, -94.543345)"
1226578,4408 E 24th St,64127,08/19/2019,19330,Notice to Proceed Issued (Demolition),39.082437,-94.531258,"4408 E 24th St
Kansas City, MO 64127
(39.082437, -94.531258)"
1213478,2253 E 77th Ter,64132,01/08/2019,115832,Ongoing Case,38.984378,-94.560142,"2253 E 77th Ter
Kansas City, MO 64132
(38.984378, -94.560142)"
1231371,6622 Paseo Blvd,64131,11/05/2019,105447,Ongoing Case,39.007482,-94.566818,"6622 Paseo Blvd
Kansas City, MO 64131
(39.007482, -94.566818)"
1234322,8707 Thompson Ave,64053,01/28/2020,46924,Demolition By Owner In Progress,39.105562,-94.479673,"8707 Thompson Ave
Kansas City, MO 64053
(39.105562, -94.479673)"
1210828,324 N Wheeling,64123,11/30/2018,45690,Notice to Proceed Issued (Demolition),39.114946,-94.510752,"324 N Wheeling
Kansas City, MO 64123
(39.114946, -94.510752)"
1200198,3035 Walrond Ave,64128,06/06/2018,24827,Ongoing Case,39.070194,-94.54577,"3035 Walrond Ave
Kansas City, MO 64128
(39.070194, -94.54577)"
1235166,3416 South Benton Ave,64128,02/14/2020,25450,Pre-Bid Process Ongoing,39.06366,-94.55002,"3416 South Benton Ave
Kansas City, MO 64128
(39.06366, -94.55002)"
1229917,2911 Monroe Ave,64128,10/07/2019,24064,Rehab By Owner In Progress,39.07225,-94.539767,"2911 Monroe Ave
Kansas City, MO 64128
(39.07225, -94.539767)"
1192446,5500 Harrison St,64110,02/07/2018,144667,On Hold,39.027079,-94.575307,"5500 Harrison St
Kansas City, MO 64110
(39.027079, -94.575307)"
1230163,5440 E 28TH ST,64128,10/11/2019,21542,Notice to Proceed Issued (Demolition),39.074763,-94.518474,"5440 E 28TH ST
Kansas City, MO 64128
(39.074763, -94.518474)"
1242877,6703 Linden Rd,64113,07/17/2020,107481,Ongoing Case,39.007112,-94.589731,"6703 Linden Rd
Kansas City, MO 64113
(39.007112, -94.589731)"
1170111,8046 Garfield Ave,64132,11/29/2016,117415,Rehab By Owner In Progress,38.980131,-94.563907,"8046 Garfield Ave
Kansas City, MO 64132
(38.980131, -94.563907)"
1235681,4146 South Benton Ave,64130,02/26/2020,29960,Pre-Bid Process Ongoing,39.050048,-94.55075,"4146 South Benton Ave
Kansas City, MO 64130
(39.050048, -94.55075)"
1231102,1500 St Louis Ave,64101,10/31/2019,123111,Rehab By Owner In Progress,39.103438,-94.603053,"1500 St Louis Ave
Kansas City, MO 64101
(39.103438, -94.603053)"
1047947,4337 TROOST AVE,64110,01/24/2008,137876,On Hold,39.047479,-94.57222,"4337 TROOST AVE
Kansas City, MO 64110
(39.047479, -94.57222)"
1238757,3201 E 60th St,64130,05/14/2020,939,Ongoing Case,39.017109,-94.548778,"3201 E 60th St
Kansas City, MO 64130
(39.017109, -94.548778)"
1210848,8136 Troost Ave,64131,11/30/2018,119553,Rehab By Owner In Progress,38.980165,-94.577422,"8136 Troost Ave
Kansas City, MO 64131
(38.980165, -94.577422)"
1233014,3409 A East 7th St,64124,12/17/2019,9713,On Hold,39.103879,-94.541342,"3409 A East 7th St
Kansas City, MO 64124
(39.103879, -94.541342)"
1240815,533 Askew Ave,64124,06/15/2020,41932,Ongoing Case,39.106421,-94.538795,"533 Askew Ave
Kansas City, MO 64124
(39.106421, -94.538795)"
1182691,8631 E 29th Ter,64129,07/25/2017,47715,Pre-Bid Process Ongoing,39.069512,-94.481325,"8631 E 29th Ter
Kansas City, MO 64129
(39.069512, -94.481325)"
1207590,1605 Lister Ave,64127,09/19/2018,8739,Ongoing Case,39.0922,-94.526506,"1605 Lister Ave
Kansas City, MO 64127
(39.0922, -94.526506)"
1211907,4341 Flora Ave,64110,12/27/2018,137528,Notice to Proceed Issued (Asbestos Removal),39.047227,-94.566475,"4341 Flora Ave
Kansas City, MO 64110
(39.047227, -94.566475)"
1188277,3303 Harrison St,64109,10/23/2017,128433,On Hold,39.066732,-94.572532,"3303 Harrison St
Kansas City, MO 64109
(39.066732, -94.572532)"
1212310,3839 Indiana Ave,64128,01/08/2019,28033,Pre-Bid Process Ongoing,39.055519,-94.544002,"3839 Indiana Ave
Kansas City, MO 64128
(39.055519, -94.544002)"
1227372,1510 E 19th St,64108,08/28/2019,13251,On Hold,39.090077,-94.563713,"1510 E 19th St
Kansas City, MO 64108
(39.090077, -94.563713)"
1191502,8220 Hickman Mills Dr,64132,01/16/2018,5015,In Bid Process,38.976702,-94.556621,"8220 Hickman Mills Dr
Kansas City, MO 64132
(38.976702, -94.556621)"
1236068,3936 Olive St,64130,03/03/2020,136368,Pre-Bid Process Ongoing,39.054267,-94.556317,"3936 Olive St
Kansas City, MO 64130
(39.054267, -94.556317)"
1245446,1606 Oakley Ave,64127,08/31/2020,9294,Ongoing Case,39.09239,-94.517469,"1606 Oakley Ave
Kansas City, MO 64127
(39.09239, -94.517469)"
1234267,5700 E 103rd St,64137,01/27/2020,57872,Pre-Bid Process Ongoing,38.938902,-94.524363,"5700 E 103rd St
Kansas City, MO 64137
(38.938902, -94.524363)"
1240065,2912 E 23rd St,64127,06/03/2020,15515,Ongoing Case,39.08461,-94.547715,"2912 E 23rd St
Kansas City, MO 64127
(39.08461, -94.547715)"
1235013,5120 E 23rd St,64127,02/11/2020,17789,Pre-Bid Process Ongoing,39.083508,-94.522534,"5120 E 23rd St
Kansas City, MO 64127
(39.083508, -94.522534)"
1227001,6233 South Benton Ave,64130,08/23/2019,1200,Rehab By Owner In Progress,39.012823,-94.552321,"6233 South Benton Ave
Kansas City, MO 64130
(39.012823, -94.552321)"
1047820,7330 WAYNE AVE,64131,10/20/2010,114921,Rehab By Owner In Progress,38.993803,-94.568981,"7330 WAYNE AVE
Kansas City, MO 64131
(38.993803, -94.568981)"
1244369,6210 E 109th St,64134,08/11/2020,59567,Ongoing Case,38.927508,-94.517551,"6210 E 109th St
Kansas City, MO 64134
(38.927508, -94.517551)"
1241270,7744 E 55th St,64129,06/22/2020,51600,Ongoing Case,39.024646,-94.492558,"7744 E 55th St
Kansas City, MO 64129
(39.024646, -94.492558)"
1236344,2419 Bales Ave,64127,03/06/2020,17253,Ongoing Case,39.082023,-94.541379,"2419 Bales Ave
Kansas City, MO 64127
(39.082023, -94.541379)"
1222139,2317 E 50th St,64130,06/24/2019,138863,On Hold,39.035488,-94.557309,"2317 E 50th St
Kansas City, MO 64130
(39.035488, -94.557309)"
1233833,6132 N Topping Ave,64119,01/13/2020,89684,Pre-Bid Process Ongoing,39.205712,-94.512573,"6132 N Topping Ave
Kansas City, MO 64119
(39.205712, -94.512573)"
1215346,5909 Agnes Ave,64130,03/25/2019,1015,Pre-Bid Process Ongoing,39.0187,-94.550853,"5909 Agnes Ave
Kansas City, MO 64130
(39.0187, -94.550853)"
1232677,2404 Denver Ave,64127,12/09/2019,20402,On Hold,39.081437,-94.522588,"2404 Denver Ave
Kansas City, MO 64127
(39.081437, -94.522588)"
1236570,925 Grand Ave,64106,03/11/2020,12778,Ongoing Case,39.102745,-94.580375,"925 Grand Ave
Kansas City, MO 64106
(39.102745, -94.580375)"
1245635,540 Norton Ave,64124,09/03/2020,42360,Ongoing Case,39.106002,-94.534578,"540 Norton Ave
Kansas City, MO 64124
(39.106002, -94.534578)"
1236746,3400 Main,64111,03/16/2020,127813,Pre-Bid Process Ongoing,39.065039,-94.586031,"3400 Main
Kansas City, MO 64111
(39.065039, -94.586031)"
1232725,4405 Westridge Rd,64133,12/10/2019,48703,Rehab By Owner In Progress,39.041351,-94.438218,"4405 Westridge Rd
Kansas City, MO 64133
(39.041351, -94.438218)"
1236016,2521 Mersington Ave,64127,03/02/2020,17614,Pre-Bid Process Ongoing,39.07937,-94.536944,"2521 Mersington Ave
Kansas City, MO 64127
(39.07937, -94.536944)"
1047650,8900 Michigan Ave,64131,07/05/2011,150875,Rehab By Owner In Progress,38.965589,-94.566646,"8900 Michigan Ave
Kansas City, MO 64131
(38.965589, -94.566646)"
1246000,4218 Lawn Ave,64130,09/11/2020,31817,Ongoing Case,39.048091,-94.530037,"4218 Lawn Ave
Kansas City, MO 64130
(39.048091, -94.530037)"
1126409,2316 LAWNDALE AVE,64127,01/25/2013,20105,Rehab By Owner In Progress,39.082228,-94.516835,"2316 LAWNDALE AVE
Kansas City, MO 64127
(39.082228, -94.516835)"
1205795,2104 E 59th St,64130,08/24/2018,148082,Rehab By Owner In Progress,39.019715,-94.561021,"2104 E 59th St
Kansas City, MO 64130
(39.019715, -94.561021)"
1237816,3315 Cleveland Ave,64128,04/16/2020,26425,Ongoing Case,39.065101,-94.538901,"3315 Cleveland Ave
Kansas City, MO 64128
(39.065101, -94.538901)"
1211226,2640 Colorado Ave,64127,12/10/2018,20462,Notice to Proceed Issued (Demolition),39.076694,-94.52175,"2640 Colorado Ave
Kansas City, MO 64127
(39.076694, -94.52175)"
1235213,3627 Ditzler Ave,64133,02/18/2020,48207,Pre-Bid Process Ongoing,39.055949,-94.47143,"3627 Ditzler Ave
Kansas City, MO 64133
(39.055949, -94.47143)"
1243489,2840 White Ave,64129,07/28/2020,21271,Ongoing Case,39.073069,-94.513774,"2840 White Ave
Kansas City, MO 64129
(39.073069, -94.513774)"
1231830,8810 Hiawatha Rd,64114,11/18/2019,149945,Rehab By Owner In Progress,38.96851,-94.595054,"8810 Hiawatha Rd
Kansas City, MO 64114
(38.96851, -94.595054)"
1239474,5422 Norledge Ave,64123,06/01/2020,42460,Ongoing Case,39.116182,-94.517511,"5422 Norledge Ave
Kansas City, MO 64123
(39.116182, -94.517511)"
1225763,2408 E 69th Ter,64132,08/08/2019,114225,Ongoing Case,39.00108,-94.558208,"2408 E 69th Ter
Kansas City, MO 64132
(39.00108, -94.558208)"
1225703,1013 Benton Blvd,64127,08/08/2019,10935,Rehab By Owner In Progress,39.100658,-94.544106,"1013 Benton Blvd
Kansas City, MO 64127
(39.100658, -94.544106)"
1191520,5809 E 16th Ter,64126,09/24/2012,6495,Rehab By Owner In Progress,39.091002,-94.514313,"5809 E 16th Ter
Kansas City, MO 64126
(39.091002, -94.514313)"
1175132,1815 Paseo,64108,04/04/2017,13253,Rehab By Owner In Progress,39.090677,-94.564144,"1815 Paseo
Kansas City, MO 64108
(39.090677, -94.564144)"
1219589,1705 Walnut St,64108,05/21/2019,122742,Repair Case w/Enforcement,39.093109,-94.582102,"1705 Walnut St
Kansas City, MO 64108
(39.093109, -94.582102)"
1247179,9534 Charlotte St,64131,10/09/2020,152134,Ongoing Case,35.797519,-103.89058,"9534 Charlotte St
Kansas City, MO 64131
(35.797519, -103.89058)"
1239476,3215 Kensington Ave,64128,06/01/2020,23039,Ongoing Case,39.066484,-94.53195,"3215 Kensington Ave
Kansas City, MO 64128
(39.066484, -94.53195)"
1207811,2750 Indiana Ave,64128,09/21/2018,24410,Notice to Proceed Issued (Demolition),39.075012,-94.543744,"2750 Indiana Ave
Kansas City, MO 64128
(39.075012, -94.543744)"
1246678,11611 Kenwood Ave,64131,09/29/2020,156874,Ongoing Case,38.916391,-94.585808,"11611 Kenwood Ave
Kansas City, MO 64131
(38.916391, -94.585808)"
1189470,3301 Woodland Ave,64109,11/21/2017,126344,Rehab By Owner In Progress,39.066407,-94.561936,"3301 Woodland Ave
Kansas City, MO 64109
(39.066407, -94.561936)"
1103631,3028 Olive St,64109,11/27/2013,26834,Notice to Proceed Issued (Demolition),39.070698,-94.555458,"3028 Olive St
Kansas City, MO 64109
(39.070698, -94.555458)"
1236786,3810 E 28th Ter,64128,03/16/2020,23627,Notice to Proceed Issued (Asbestos Removal),39.074022,-94.538135,"3810 E 28th Ter
Kansas City, MO 64128
(39.074022, -94.538135)"
1235231,2716 Chelsea Ave,64128,02/18/2020,22108,Notice to Proceed Issued (Asbestos Removal),39.075581,-94.527637,"2716 Chelsea Ave
Kansas City, MO 64128
(39.075581, -94.527637)"
1246408,6726 Cleveland Ave,64132,09/21/2020,2201,Ongoing Case,39.003701,-94.54299,"6726 Cleveland Ave
Kansas City, MO 64132
(39.003701, -94.54299)"
1241121,5523 Highland Ave,64110,06/18/2020,146846,Demolition By Owner In Progress,39.026119,-94.565365,"5523 Highland Ave
Kansas City, MO 64110
(39.026119, -94.565365)"
1178412,5834 Indiana Ave,64130,05/23/2017,36792,Rehab By Owner In Progress,39.019844,-94.546684,"5834 Indiana Ave
Kansas City, MO 64130
(39.019844, -94.546684)"
1048091,522 DRURY AVE,64123,07/03/2008,45296,Repair Case w/Enforcement,39.106105,-94.518224,"522 DRURY AVE
Kansas City, MO 64123
(39.106105, -94.518224)"
1229241,801 Booth Ave,64125,09/25/2019,47118,Notice to Proceed Issued (Demolition),39.100658,-94.481706,"801 Booth Ave
Kansas City, MO 64125
(39.100658, -94.481706)"
1186467,2746 Brooklyn Ave,64109,09/19/2017,26685,Repair Case w/Enforcement,39.075595,-94.557553,"2746 Brooklyn Ave
Kansas City, MO 64109
(39.075595, -94.557553)"
1202483,5337 Euclid Ave,64130,07/09/2018,145750,Pre-Bid Process Ongoing,39.029017,-94.561678,"5337 Euclid Ave
Kansas City, MO 64130
(39.029017, -94.561678)"
1224948,1209 Van Brunt Blvd,64127,07/29/2019,9045,On Hold,39.09734,-94.522917,"1209 Van Brunt Blvd
Kansas City, MO 64127
(39.09734, -94.522917)"
1231282,5004 Walrond Ave,64130,11/01/2019,35344,Pre-Bid Process Ongoing,39.035089,-94.548049,"5004 Walrond Ave
Kansas City, MO 64130
(39.035089, -94.548049)"
1238241,5245 College Ave,64130,04/30/2020,35892,Ongoing Case,39.030104,-94.546533,"5245 College Ave
Kansas City, MO 64130
(39.030104, -94.546533)"
1091138,4411 E 17TH ST,64127,11/19/2013,18456,Notice to Proceed Issued (Demolition),39.09068,-94.530624,"4411 E 17TH ST
Kansas City, MO 64127
(39.09068, -94.530624)"
1241145,5222 Norton Ave,64130,06/18/2020,35493,Rehab By Owner In Progress,39.030534,-94.537943,"5222 Norton Ave
Kansas City, MO 64130
(39.030534, -94.537943)"
1169257,7909 E 118th Ter,64134,11/04/2016,73985,Rehab By Owner In Progress,38.907789,-94.500025,"7909 E 118th Ter
Kansas City, MO 64134
(38.907789, -94.500025)"
1215188,2617 E 28th St,64128,05/01/2019,24543,Pre-Bid Process Ongoing,39.074578,-94.551697,"2617 E 28th St
Kansas City, MO 64128
(39.074578, -94.551697)"
1193521,8802 E 8th St,64125,03/05/2018,47106,Rehab By Owner In Progress,39.100856,-94.479045,"8802 E 8th St
Kansas City, MO 64125
(39.100856, -94.479045)"
1243018,3623 E 58th Ter,64130,07/20/2020,37130,Ongoing Case,39.019612,-94.54329,"3623 E 58th Ter
Kansas City, MO 64130
(39.019612, -94.54329)"
1238978,3322 Brooklyn Ave,64109,05/19/2020,126330,Ongoing Case,39.065523,-94.558028,"3322 Brooklyn Ave
Kansas City, MO 64109
(39.065523, -94.558028)"
1171495,2605 Askew Ave,64127,01/12/2017,17358,Notice to Proceed Issued (Demolition),39.078246,-94.540684,"2605 Askew Ave
Kansas City, MO 64127
(39.078246, -94.540684)"
1214803,2212 E 40th St,64130,03/15/2019,136402,Notice to Proceed Issued (Asbestos Removal),39.053992,-94.557661,"2212 E 40th St
Kansas City, MO 64130
(39.053992, -94.557661)"
1236342,119 W 99th Ter,64114,03/06/2020,153721,Rehab By Owner In Progress,38.946908,-94.592735,"119 W 99th Ter
Kansas City, MO 64114
(38.946908, -94.592735)"
1235685,5607 E 30th Ter,64128,02/26/2020,22025,Pre-Bid Process Ongoing,39.06998,-94.517664,"5607 E 30th Ter
Kansas City, MO 64128
(39.06998, -94.517664)"
1085941,802 UTLEY AVE,64125,12/07/2012,47238,Repair Case w/Enforcement,39.100554,-94.482945,"802 UTLEY AVE
Kansas City, MO 64125
(39.100554, -94.482945)"
1234510,6212 E 12th St,64126,01/30/2020,6034,Pre-Bid Process Ongoing,39.097756,-94.509237,"6212 E 12th St
Kansas City, MO 64126
(39.097756, -94.509237)"
1240817,2415 Kensington Ave,64127,06/15/2020,19343,Pre-Bid Process Ongoing,39.081601,-94.531443,"2415 Kensington Ave
Kansas City, MO 64127
(39.081601, -94.531443)"
1231736,4900 Swope Parkway,64156,11/14/2019,35455,Notice to Proceed Issued (Demolition),39.036234,-94.544547,"4900 Swope Parkway
Kansas City, MO 64156
(39.036234, -94.544547)"
1195485,5311 NE 48th St,64117,05/19/2015,75480,Pre-Bid Process Ongoing,39.179976,-94.51737,"5311 NE 48th St
Kansas City, MO 64117
(39.179976, -94.51737)"
1227976,6202 E 9th St,64125,09/09/2019,5577,Rehab By Owner In Progress,39.101387,-94.509201,"6202 E 9th St
Kansas City, MO 64125
(39.101387, -94.509201)"
1166663,4442 South Benton Ave,64130,09/21/2016,34592,Rehab By Owner In Progress,39.044903,-94.551017,"4442 South Benton Ave
Kansas City, MO 64130
(39.044903, -94.551017)"
1239108,8703 Independence Ave,64125,05/21/2020,47187,Ongoing Case,39.103471,-94.480497,"8703 Independence Ave
Kansas City, MO 64125
(39.103471, -94.480497)"
1142271,8031 College Ave,64132,08/06/2015,4788,Rehab By Owner In Progress,38.980333,-94.549292,"8031 College Ave
Kansas City, MO 64132
(38.980333, -94.549292)"
7237366,3224 E 7th St,64124,04/02/2020,10402,Ongoing Case,39.10448,-94.542902,"3224 E 7th St
Kansas City, MO 64124
(39.10448, -94.542902)"
1196564,8109 Flora Ave,64131,04/27/2018,116507,Rehab By Owner In Progress,38.980586,-94.570115,"8109 Flora Ave
Kansas City, MO 64131
(38.980586, -94.570115)"
1224467,6633 E 12th Ter,64126,07/22/2019,6972,Ongoing Case,39.096288,-94.503782,"6633 E 12th Ter
Kansas City, MO 64126
(39.096288, -94.503782)"
1238442,1228 Benton Blvd,64127,05/07/2020,11032,Ongoing Case,39.097499,-94.544908,"1228 Benton Blvd
Kansas City, MO 64127
(39.097499, -94.544908)"
1242498,4215 E 60th St,64130,07/13/2020,326,Ongoing Case,39.016565,-94.536611,"4215 E 60th St
Kansas City, MO 64130
(39.016565, -94.536611)"
1228340,6843 Myrtle Ave,64132,09/12/2019,2170,Rehab By Owner In Progress,39.001096,-94.54025,"6843 Myrtle Ave
Kansas City, MO 64132
(39.001096, -94.54025)"
1242773,6422 College Ave,64132,07/16/2020,1432,Rehab By Owner In Progress,39.009472,-94.548502,"6422 College Ave
Kansas City, MO 64132
(39.009472, -94.548502)"
1232718,3518 Bellefontaine Ave,64128,12/10/2019,28570,Rehab By Owner In Progress,39.061675,-94.547885,"3518 Bellefontaine Ave
Kansas City, MO 64128
(39.061675, -94.547885)"
1198946,3015 Garfield Ave,64109,05/23/2018,26733,Pre-Bid Process Ongoing,39.07129,-94.558216,"3015 Garfield Ave
Kansas City, MO 64109
(39.07129, -94.558216)"
1204913,1012 Agnes Ave,64127,08/13/2018,10657,Rehab By Owner In Progress,39.100806,-94.547304,"1012 Agnes Ave
Kansas City, MO 64127
(39.100806, -94.547304)"
1246873,2219 Brooklyn Ave,64127,10/05/2020,13142,Ongoing Case,39.084927,-94.556396,"2219 Brooklyn Ave
Kansas City, MO 64127
(39.084927, -94.556396)"
1232665,1228 Winchester Ave,64126,12/09/2019,7007,Pre-Bid Process Ongoing,39.096026,-94.50122,"1228 Winchester Ave
Kansas City, MO 64126
(39.096026, -94.50122)"
1207242,4401 E 9th St,64127,09/14/2018,8298,Rehab By Owner In Progress,39.101573,-94.530094,"4401 E 9th St
Kansas City, MO 64127
(39.101573, -94.530094)"
1058005,5431 EUCLID AVE,64130,02/28/2012,145692,Repair Case w/Enforcement,39.027253,-94.561778,"5431 EUCLID AVE
Kansas City, MO 64130
(39.027253, -94.561778)"
1227370,1814 Vine St,64108,08/28/2019,13246,On Hold,39.090627,-94.563684,"1814 Vine St
Kansas City, MO 64108
(39.090627, -94.563684)"
1226573,1226 Agnes Ave,64127,08/19/2019,11210,Notice to Proceed Issued (Demolition),39.097667,-94.547472,"1226 Agnes Ave
Kansas City, MO 64127
(39.097667, -94.547472)"
1223289,4513 E 60th St,64130,07/11/2019,359,Rehab By Owner In Progress,39.016477,-94.533959,"4513 E 60th St
Kansas City, MO 64130
(39.016477, -94.533959)"
1243967,2508 Myrtle Ave,64127,08/06/2020,17646,Ongoing Case,39.079795,-94.536518,"2508 Myrtle Ave
Kansas City, MO 64127
(39.079795, -94.536518)"
1232663,117 Wheeling Ave,64123,12/09/2019,45915,Pre-Bid Process Ongoing,39.111444,-94.510309,"117 Wheeling Ave
Kansas City, MO 64123
(39.111444, -94.510309)"
1244799,3933 Vineyard Rd.,64130,08/19/2020,32092,Ongoing Case,39.05364,-94.525094,"3933 Vineyard Rd
Kansas City, MO 64130
(39.05364, -94.525094)"
1229922,2347 Lawndale Ave,64127,10/07/2019,20147,Pre-Bid Process Ongoing,39.081453,-94.516211,"2347 Lawndale Ave
Kansas City, MO 64127
(39.081453, -94.516211)"
1238271,4543 Chestnut Ave,64130,04/30/2020,34851,Ongoing Case,39.042939,-94.551668,"4543 Chestnut Ave
Kansas City, MO 64130
(39.042939, -94.551668)"
1217137,4306 Holmes St,64110,04/22/2019,139210,Pre-Bid Process Ongoing,39.04878,-94.57756,"4306 Holmes St
Kansas City, MO 64110
(39.04878, -94.57756)"
1245007,2319 Woodland Ave,64127,08/24/2020,14294,Ongoing Case,39.083921,-94.561078,"2319 Woodland Ave
Kansas City, MO 64127
(39.083921, -94.561078)"
1237804,5227 Highland Ave,64110,04/16/2020,146212,Ongoing Case,39.031374,-94.56506,"5227 Highland Ave
Kansas City, MO 64110
(39.031374, -94.56506)"
1188574,3735 Kensington Ave,64128,10/30/2017,31237,Rehab By Owner In Progress,35.797519,-103.89058,"3735 Kensington Ave
Kansas City, MO 64128
(35.797519, -103.89058)"
1229911,4117 E 11th St,64127,10/07/2019,10148,Rehab By Owner In Progress,39.099087,-94.533699,"4117 E 11th St
Kansas City, MO 64127
(39.099087, -94.533699)"
1236777,515 Jackson Ave,64124,03/16/2020,44325,Notice to Proceed Issued (Asbestos Removal),39.106962,-94.53265,"515 Jackson Ave
Kansas City, MO 64124
(39.106962, -94.53265)"
1237603,4522 Cypress Ave,64130,04/09/2020,33097,Ongoing Case,39.043067,-94.532639,"4522 Cypress Ave
Kansas City, MO 64130
(39.043067, -94.532639)"
1230094,2809 E 39th St,64130,10/10/2019,29682,Rehab By Owner In Progress,39.055142,-94.550775,"2809 E 39th St
Kansas City, MO 64130
(39.055142, -94.550775)"
1212955,700 E 85th St,64131,01/29/2019,121517,Pre-Bid Process Ongoing,38.974081,-94.580835,"700 E 85th St
Kansas City, MO 64131
(38.974081, -94.580835)"
1191382,1627 Spruce Ave,64127,03/30/2018,8554,Repair Case w/Enforcement,39.091674,-94.531942,"1627 Spruce Ave
Kansas City, MO 64127
(39.091674, -94.531942)"
1239405,4511 E 20th St,64127,05/29/2020,18558,Ongoing Case,39.087005,-94.529789,"4511 E 20th St
Kansas City, MO 64127
(39.087005, -94.529789)"
1216785,6676 NW Waukomis Dr,64151,04/17/2019,164639,Pre-Bid Process Ongoing,39.214893,-94.616002,"6676 NW Waukomis Dr
Kansas City, MO 64151
(39.214893, -94.616002)"
1235279,2636 Askew Ave,64127,02/19/2020,17402,Pre-Bid Process Ongoing,39.077201,-94.541311,"2636 Askew Ave
Kansas City, MO 64127
(39.077201, -94.541311)"
1188533,911 E Linwood Blvd,64109,10/27/2017,128145,On Hold,39.068367,-94.573526,"911 E Linwood Blvd
Kansas City, MO 64109
(39.068367, -94.573526)"
1206448,1311 Indiana Ave,64127,09/04/2018,11461,Ongoing Case,39.096737,-94.541959,"1311 Indiana Ave
Kansas City, MO 64127
(39.096737, -94.541959)"
1235161,13329 Walnut St,64145,02/14/2020,159691,Rehab By Owner In Progress,38.885463,-94.594174,"13329 Walnut St
Kansas City, MO 64145
(38.885463, -94.594174)"
1245445,1517 Winchester Ave,64126,08/31/2020,7274,Ongoing Case,39.092883,-94.500772,"1517 Winchester Ave
Kansas City, MO 64126
(39.092883, -94.500772)"
1160778,1609 E 79th St,64131,10/20/2017,116425,Pre-Bid Process Ongoing,38.98374,-94.568546,"1609 E 79th St
Kansas City, MO 64131
(38.98374, -94.568546)"
1070393,2613 Benton Blvd,64127,08/06/2012,16514,Demolition By Owner In Progress,39.078334,-94.548522,"2613 Benton Blvd
Kansas City, MO 64127
(39.078334, -94.548522)"
1245009,533 Oakley Ave,64123,08/24/2020,45357,Ongoing Case,39.105792,-94.5164,"533 Oakley Ave
Kansas City, MO 64123
(39.105792, -94.5164)"
1183932,6038 N Topping Ave,64119,08/11/2017,89692,Rehab By Owner In Progress,39.203638,-94.512526,"6038 N Topping Ave
Kansas City, MO 64119
(39.203638, -94.512526)"
1237632,5549 Wabash Ave,64130,04/09/2020,147645,Pre-Bid Process Ongoing,39.024927,-94.556114,"5549 Wabash Ave
Kansas City, MO 64130
(39.024927, -94.556114)"
1227630,3222 Troost Ave,64109,09/03/2019,128157,Rehab By Owner In Progress,39.067721,-94.571869,"3222 Troost Ave
Kansas City, MO 64109
(39.067721, -94.571869)"
1229160,4406 Woodland Ave,64110,09/24/2019,137674,Pre-Bid Process Ongoing,39.046533,-94.563707,"4406 Woodland Ave
Kansas City, MO 64110
(39.046533, -94.563707)"
1229918,711 Monroe Ave,64124,10/07/2019,9682,Pre-Bid Process Ongoing,39.10364,-94.538633,"711 Monroe Ave
Kansas City, MO 64124
(39.10364, -94.538633)"
1211992,3515 Euclid Ave,64109,12/31/2018,133999,Notice to Proceed Issued (Demolition),39.062272,-94.559826,"3515 Euclid Ave
Kansas City, MO 64109
(39.062272, -94.559826)"
1231596,3012 Brooklyn Ave,64109,11/12/2019,26710,Demolition By Owner In Progress,39.071322,-94.557751,"3012 Brooklyn Ave
Kansas City, MO 64109
(39.071322, -94.557751)"
1237605,5551 Wabash Ave,64130,04/09/2020,147646,Ongoing Case,39.024863,-94.556119,"5551 Wabash Ave
Kansas City, MO 64130
(39.024863, -94.556119)"
1241497,3409 Bales Ave,64128,06/25/2020,26207,Ongoing Case,39.0637,-94.542492,"3409 Bales Ave
Kansas City, MO 64128
(39.0637, -94.542492)"
1237008,7304 E 108th St,64134,03/20/2020,59157,Pre-Bid Process Ongoing,38.928301,-94.504552,"7304 E 108th St
Kansas City, MO 64134
(38.928301, -94.504552)"
1239106,501 Knickerbocker Pl,64111,05/21/2020,129736,Demolition By Owner In Progress,39.062553,-94.591971,"501 Knickerbocker Pl
Kansas City, MO 64111
(39.062553, -94.591971)"
1210826,1100 Agnes Ave,64127,11/30/2018,10746,Demolition By Owner In Progress,39.100392,-94.547325,"1100 Agnes Ave
Kansas City, MO 64127
(39.100392, -94.547325)"
1238270,718 Grand Ave,64106,04/30/2020,12734,Ongoing Case,39.104913,-94.581056,"718 Grand Ave
Kansas City, MO 64106
(39.104913, -94.581056)"
1234651,2823 Wabash Ave,64128,02/04/2020,26443,Pre-Bid Process Ongoing,39.074476,-94.553458,"2823 Wabash Ave
Kansas City, MO 64128
(39.074476, -94.553458)"
1240809,5617 E 40th St,64130,06/15/2020,31994,Ongoing Case,39.051445,-94.51849,"5617 E 40th St
Kansas City, MO 64130
(39.051445, -94.51849)"
1227632,2801 Oakley Ave,64128,09/03/2019,21572,Notice to Proceed Issued (Demolition),39.074428,-94.517807,"2801 Oakley Ave
Kansas City, MO 64128
(39.074428, -94.517807)"
1246409,1804 Elmwood Ave,64127,09/21/2020,18506,Ongoing Case,39.089735,-94.529389,"1804 Elmwood Ave
Kansas City, MO 64127
(39.089735, -94.529389)"
1233794,7206 E 85th Ter,64138,01/10/2020,55324,Pre-Bid Process Ongoing,38.970187,-94.50371,"7206 E 85th Ter
Kansas City, MO 64138
(38.970187, -94.50371)"
1234652,5905 Wabash Ave,64130,02/04/2020,104444,Rehab By Owner In Progress,39.019075,-94.556599,"5905 Wabash Ave
Kansas City, MO 64130
(39.019075, -94.556599)"
1236501,4833 Brooklyn Ave,64130,03/10/2020,138497,Rehab By Owner In Progress,39.037804,-94.558831,"4833 Brooklyn Ave
Kansas City, MO 64130
(39.037804, -94.558831)"
1237206,5819 Jackson Ave,64130,03/26/2020,38061,Pre-Bid Process Ongoing,39.019598,-94.53674,"5819 Jackson Ave
Kansas City, MO 64130
(39.019598, -94.53674)"
1236421,7305 E 111th Ter,64134,03/09/2020,59543,Repair Case w/Enforcement,38.922414,-94.504839,"7305 E 111th Ter
Kansas City, MO 64134
(38.922414, -94.504839)"
1245503,4236 E 58th St,64130,09/01/2020,38053,Notice to Proceed Issued (Demolition),39.020671,-94.535109,"4236 E 58th St
Kansas City, MO 64130
(39.020671, -94.535109)"
1245888,4710 Byrams Ford Rd,64129,09/09/2020,50060,Ongoing Case,39.036688,-94.479575,"4710 Byrams Ford Rd
Kansas City, MO 64129
(39.036688, -94.479575)"
1213550,4212 Virginia Ave,64110,02/12/2019,135804,Notice to Proceed Issued (Demolition),39.050016,-94.569238,"4212 Virginia Ave
Kansas City, MO 64110
(39.050016, -94.569238)"
1169532,5630 Brooklyn Ave,64130,11/09/2016,147856,Notice to Proceed Issued (Asbestos Removal),39.02324,-94.560391,"5630 Brooklyn Ave
Kansas City, MO 64130
(39.02324, -94.560391)"
1216398,534 Denver Ave,64124,04/10/2019,45062,Pre-Bid Process Ongoing,39.105882,-94.521737,"534 Denver Ave
Kansas City, MO 64124
(39.105882, -94.521737)"
1246112,3039 Norton Ave,64128,09/15/2020,24170,Ongoing Case,39.069769,-94.535275,"3039 Norton Ave
Kansas City, MO 64128
(39.069769, -94.535275)"
1228766,4114 E 11th St,64127,09/18/2019,10171,Notice to Proceed Issued (Demolition),39.099711,-94.533811,"4114 E 11th St
Kansas City, MO 64127
(39.099711, -94.533811)"
1202801,6410 E 58th St,64129,07/12/2018,54605,Notice to Proceed Issued (Demolition),39.019635,-94.510851,"6410 E 58th St
Kansas City, MO 64129
(39.019635, -94.510851)"
1232176,4126 College Ave,64130,11/26/2019,30324,Pre-Bid Process Ongoing,39.050596,-94.546074,"4126 College Ave
Kansas City, MO 64130
(39.050596, -94.546074)"
1230574,2345 Drury Ave,64127,10/21/2019,20003,Notice to Proceed Issued (Demolition),39.081592,-94.518499,"2345 Drury Ave
Kansas City, MO 64127
(39.081592, -94.518499)"
1106214,2912 PASEO,64109,02/07/2014,27331,Rehab By Owner In Progress,39.073375,-94.56731,"2912 PASEO
Kansas City, MO 64109
(39.073375, -94.56731)"
1226865,2733 Olive St,64109,08/22/2019,26618,Rehab By Owner In Progress,39.075868,-94.554515,"2733 Olive St
Kansas City, MO 64109
(39.075868, -94.554515)"
1222690,3211 Montgall Ave,64128,07/01/2019,25225,Notice to Proceed Issued (Demolition),39.06744,-94.551474,"3211 Montgall Ave
Kansas City, MO 64128
(39.06744, -94.551474)"
1208935,6031 Swope Parkway,64130,10/11/2018,497,Pre-Bid Process Ongoing,39.015909,-94.541521,"6031 Swope Parkway
Kansas City, MO 64130
(39.015909, -94.541521)"
1225702,3023 Spruce Ave,64128,08/08/2019,22504,Pre-Bid Process Ongoing,39.070144,-94.532872,"3023 Spruce Ave
Kansas City, MO 64128
(39.070144, -94.532872)"
1193167,2614 E 8th St,64124,02/27/2018,10597,Rehab By Owner In Progress,39.103769,-94.550316,"2614 E 8th St
Kansas City, MO 64124
(39.103769, -94.550316)"
1047903,1311 MANHEIM RD,64109,07/31/2014,134916,On Hold,39.056207,-94.569402,"1311 MANHEIM RD
Kansas City, MO 64109
(39.056207, -94.569402)"
1229923,4501 E 60th St,64130,10/07/2019,356,Pre-Bid Process Ongoing,39.016497,-94.534613,"4501 E 60th St
Kansas City, MO 64130
(39.016497, -94.534613)"
1180126,611 Cypress Ave,64124,06/16/2017,8043,Ongoing Case,39.104947,-94.5289,"611 Cypress Ave
Kansas City, MO 64124
(39.104947, -94.5289)"
1245060,2604 Spruce Ave,64127,08/25/2020,19693,Ongoing Case,39.078079,-94.533263,"2604 Spruce Ave
Kansas City, MO 64127
(39.078079, -94.533263)"
1232507,11719 Troost Ave,64131,12/04/2019,157880,Rehab By Owner In Progress,38.913613,-94.57918,"11719 Troost Ave
Kansas City, MO 64131
(38.913613, -94.57918)"
1223641,2510 Brighton Ave,64127,07/15/2019,19983,Rehab By Owner In Progress,39.07921,-94.525036,"2510 Brighton Ave
Kansas City, MO 64127
(39.07921, -94.525036)"
